{
  "tool_calls": 0,
  "last_checkpoint": 1775764309.3262057,
  "session_start": 1775764035.1847749
}